{
    "data":[
        {
            "previewImageSrc": "assets/images/tree.jpg",
            "thumbnailImageSrc": "assets/images/tree.jpg",
            "alt": "Description for Image 1",
            "title": "Title 1"
        },
        {
            "previewImageSrc": "assets/images/download.jpg",
            "thumbnailImageSrc": "assets/images/download.jpg",
            "alt": "Description for Image 2",
            "title": "Title 2"
        },
        {
            "previewImageSrc": "assets/images/fog.jpg",
            "thumbnailImageSrc": "assets/images/fog.jpg",
            "alt": "Description for Image 3",
            "title": "Title 3"
        },
        {
            "previewImageSrc": "assets/images/spiti.jpg",
            "thumbnailImageSrc": "assets/images/spiti.jpg",
            "alt": "Description for Image 4",
            "title": "Title 4"
        },
        {
            "previewImageSrc": "assets/images/Snow.jpg",
            "thumbnailImageSrc": "assets/images/Snow.jpg",
            "alt": "Description for Image 5",
            "title": "Title 5"
        },
        {
            "previewImageSrc": "assets/images/spitiWinter.jpg",
            "thumbnailImageSrc": "assets/images/spitiWinter.jpg",
            "alt": "Description for Image 6",
            "title": "Title 6"
        },
        {
            "previewImageSrc": "assets/images/himachal.jpg",
            "thumbnailImageSrc": "assets/images/himachal.jpg",
            "alt": "Description for Image 7",
            "title": "Title 7"
        },
        {
            "previewImageSrc": "assets/images/road.jpg",
            "thumbnailImageSrc": "assets/images/road.jpg",
            "alt": "Description for Image 8",
            "title": "Title 8"
        }
    ]
}